"BROKEN","EPIC","FAILED","FEATURE","PASSED","SKIPPED","STORY","UNKNOWN"
"0","","0","Авторизация курьера","2","0","Валидация обязательных полей для авторизации","0"
"0","","1","Авторизация курьера","0","0","Вход в систему с корректными учётными данными","0"
"0","","1","Авторизация курьера","0","0","Проверка ошибки при вводе неправильного пароля","0"
"0","","1","Авторизация курьера","0","0","Проверка ошибки при попытке входа несуществующего курьера","0"
"1","","0","Список заказов","0","0","Получение списка заказов из системы","0"
"4","","0","Создание заказа","0","0","Создание заказа с разными вариантами цвета","0"
"0","","3","Создание курьера","0","0","Валидация обязательных полей при создании курьера","0"
"0","","0","Создание курьера","1","0","Проверка запрета регистрации курьера с существующим логином","0"
"0","","0","Создание курьера","1","0","Регистрация нового курьера с корректными данными","0"
